--
-- PostgreSQL database dump
--

-- Dumped from database version 16.4 (Debian 16.4-1.pgdg120+1)
-- Dumped by pg_dump version 16.4 (Debian 16.4-1.pgdg120+1)

SET statement_timeout = 0;
SET lock_timeout = 0;
SET idle_in_transaction_session_timeout = 0;
SET client_encoding = 'UTF8';
SET standard_conforming_strings = on;
SELECT pg_catalog.set_config('search_path', '', false);
SET check_function_bodies = false;
SET xmloption = content;
SET client_min_messages = warning;
SET row_security = off;

SET default_tablespace = '';

SET default_table_access_method = heap;

--
-- Name: auth_group; Type: TABLE; Schema: public; Owner: root
--

CREATE TABLE public.auth_group (
    id integer NOT NULL,
    name character varying(150) NOT NULL
);


ALTER TABLE public.auth_group OWNER TO root;

--
-- Name: auth_group_id_seq; Type: SEQUENCE; Schema: public; Owner: root
--

ALTER TABLE public.auth_group ALTER COLUMN id ADD GENERATED BY DEFAULT AS IDENTITY (
    SEQUENCE NAME public.auth_group_id_seq
    START WITH 1
    INCREMENT BY 1
    NO MINVALUE
    NO MAXVALUE
    CACHE 1
);


--
-- Name: auth_group_permissions; Type: TABLE; Schema: public; Owner: root
--

CREATE TABLE public.auth_group_permissions (
    id bigint NOT NULL,
    group_id integer NOT NULL,
    permission_id integer NOT NULL
);


ALTER TABLE public.auth_group_permissions OWNER TO root;

--
-- Name: auth_group_permissions_id_seq; Type: SEQUENCE; Schema: public; Owner: root
--

ALTER TABLE public.auth_group_permissions ALTER COLUMN id ADD GENERATED BY DEFAULT AS IDENTITY (
    SEQUENCE NAME public.auth_group_permissions_id_seq
    START WITH 1
    INCREMENT BY 1
    NO MINVALUE
    NO MAXVALUE
    CACHE 1
);


--
-- Name: auth_permission; Type: TABLE; Schema: public; Owner: root
--

CREATE TABLE public.auth_permission (
    id integer NOT NULL,
    name character varying(255) NOT NULL,
    content_type_id integer NOT NULL,
    codename character varying(100) NOT NULL
);


ALTER TABLE public.auth_permission OWNER TO root;

--
-- Name: auth_permission_id_seq; Type: SEQUENCE; Schema: public; Owner: root
--

ALTER TABLE public.auth_permission ALTER COLUMN id ADD GENERATED BY DEFAULT AS IDENTITY (
    SEQUENCE NAME public.auth_permission_id_seq
    START WITH 1
    INCREMENT BY 1
    NO MINVALUE
    NO MAXVALUE
    CACHE 1
);


--
-- Name: auth_user; Type: TABLE; Schema: public; Owner: root
--

CREATE TABLE public.auth_user (
    id integer NOT NULL,
    password character varying(128) NOT NULL,
    last_login timestamp with time zone,
    is_superuser boolean NOT NULL,
    username character varying(150) NOT NULL,
    first_name character varying(150) NOT NULL,
    last_name character varying(150) NOT NULL,
    email character varying(254) NOT NULL,
    is_staff boolean NOT NULL,
    is_active boolean NOT NULL,
    date_joined timestamp with time zone NOT NULL
);


ALTER TABLE public.auth_user OWNER TO root;

--
-- Name: auth_user_groups; Type: TABLE; Schema: public; Owner: root
--

CREATE TABLE public.auth_user_groups (
    id bigint NOT NULL,
    user_id integer NOT NULL,
    group_id integer NOT NULL
);


ALTER TABLE public.auth_user_groups OWNER TO root;

--
-- Name: auth_user_groups_id_seq; Type: SEQUENCE; Schema: public; Owner: root
--

ALTER TABLE public.auth_user_groups ALTER COLUMN id ADD GENERATED BY DEFAULT AS IDENTITY (
    SEQUENCE NAME public.auth_user_groups_id_seq
    START WITH 1
    INCREMENT BY 1
    NO MINVALUE
    NO MAXVALUE
    CACHE 1
);


--
-- Name: auth_user_id_seq; Type: SEQUENCE; Schema: public; Owner: root
--

ALTER TABLE public.auth_user ALTER COLUMN id ADD GENERATED BY DEFAULT AS IDENTITY (
    SEQUENCE NAME public.auth_user_id_seq
    START WITH 1
    INCREMENT BY 1
    NO MINVALUE
    NO MAXVALUE
    CACHE 1
);


--
-- Name: auth_user_user_permissions; Type: TABLE; Schema: public; Owner: root
--

CREATE TABLE public.auth_user_user_permissions (
    id bigint NOT NULL,
    user_id integer NOT NULL,
    permission_id integer NOT NULL
);


ALTER TABLE public.auth_user_user_permissions OWNER TO root;

--
-- Name: auth_user_user_permissions_id_seq; Type: SEQUENCE; Schema: public; Owner: root
--

ALTER TABLE public.auth_user_user_permissions ALTER COLUMN id ADD GENERATED BY DEFAULT AS IDENTITY (
    SEQUENCE NAME public.auth_user_user_permissions_id_seq
    START WITH 1
    INCREMENT BY 1
    NO MINVALUE
    NO MAXVALUE
    CACHE 1
);


--
-- Name: django_admin_log; Type: TABLE; Schema: public; Owner: root
--

CREATE TABLE public.django_admin_log (
    id integer NOT NULL,
    action_time timestamp with time zone NOT NULL,
    object_id text,
    object_repr character varying(200) NOT NULL,
    action_flag smallint NOT NULL,
    change_message text NOT NULL,
    content_type_id integer,
    user_id integer NOT NULL,
    CONSTRAINT django_admin_log_action_flag_check CHECK ((action_flag >= 0))
);


ALTER TABLE public.django_admin_log OWNER TO root;

--
-- Name: django_admin_log_id_seq; Type: SEQUENCE; Schema: public; Owner: root
--

ALTER TABLE public.django_admin_log ALTER COLUMN id ADD GENERATED BY DEFAULT AS IDENTITY (
    SEQUENCE NAME public.django_admin_log_id_seq
    START WITH 1
    INCREMENT BY 1
    NO MINVALUE
    NO MAXVALUE
    CACHE 1
);


--
-- Name: django_content_type; Type: TABLE; Schema: public; Owner: root
--

CREATE TABLE public.django_content_type (
    id integer NOT NULL,
    app_label character varying(100) NOT NULL,
    model character varying(100) NOT NULL
);


ALTER TABLE public.django_content_type OWNER TO root;

--
-- Name: django_content_type_id_seq; Type: SEQUENCE; Schema: public; Owner: root
--

ALTER TABLE public.django_content_type ALTER COLUMN id ADD GENERATED BY DEFAULT AS IDENTITY (
    SEQUENCE NAME public.django_content_type_id_seq
    START WITH 1
    INCREMENT BY 1
    NO MINVALUE
    NO MAXVALUE
    CACHE 1
);


--
-- Name: django_migrations; Type: TABLE; Schema: public; Owner: root
--

CREATE TABLE public.django_migrations (
    id bigint NOT NULL,
    app character varying(255) NOT NULL,
    name character varying(255) NOT NULL,
    applied timestamp with time zone NOT NULL
);


ALTER TABLE public.django_migrations OWNER TO root;

--
-- Name: django_migrations_id_seq; Type: SEQUENCE; Schema: public; Owner: root
--

ALTER TABLE public.django_migrations ALTER COLUMN id ADD GENERATED BY DEFAULT AS IDENTITY (
    SEQUENCE NAME public.django_migrations_id_seq
    START WITH 1
    INCREMENT BY 1
    NO MINVALUE
    NO MAXVALUE
    CACHE 1
);


--
-- Name: django_session; Type: TABLE; Schema: public; Owner: root
--

CREATE TABLE public.django_session (
    session_key character varying(40) NOT NULL,
    session_data text NOT NULL,
    expire_date timestamp with time zone NOT NULL
);


ALTER TABLE public.django_session OWNER TO root;

--
-- Name: silant_complaint; Type: TABLE; Schema: public; Owner: root
--

CREATE TABLE public.silant_complaint (
    id bigint NOT NULL,
    date_refuse date NOT NULL,
    operating_hours integer NOT NULL,
    failure_description character varying(255) NOT NULL,
    parts_used text NOT NULL,
    recovery_date date NOT NULL,
    downtime character varying(255) NOT NULL,
    failure_node_id bigint NOT NULL,
    recovery_method_id bigint NOT NULL,
    machine_id bigint NOT NULL,
    service_company_id bigint NOT NULL
);


ALTER TABLE public.silant_complaint OWNER TO root;

--
-- Name: silant_complaint_id_seq; Type: SEQUENCE; Schema: public; Owner: root
--

ALTER TABLE public.silant_complaint ALTER COLUMN id ADD GENERATED BY DEFAULT AS IDENTITY (
    SEQUENCE NAME public.silant_complaint_id_seq
    START WITH 1
    INCREMENT BY 1
    NO MINVALUE
    NO MAXVALUE
    CACHE 1
);


--
-- Name: silant_directory; Type: TABLE; Schema: public; Owner: root
--

CREATE TABLE public.silant_directory (
    id bigint NOT NULL,
    entity_name character varying(50) NOT NULL,
    name character varying(255) NOT NULL,
    description text NOT NULL,
    deleted_date timestamp with time zone
);


ALTER TABLE public.silant_directory OWNER TO root;

--
-- Name: silant_directory_id_seq; Type: SEQUENCE; Schema: public; Owner: root
--

ALTER TABLE public.silant_directory ALTER COLUMN id ADD GENERATED BY DEFAULT AS IDENTITY (
    SEQUENCE NAME public.silant_directory_id_seq
    START WITH 1
    INCREMENT BY 1
    NO MINVALUE
    NO MAXVALUE
    CACHE 1
);


--
-- Name: silant_machine; Type: TABLE; Schema: public; Owner: root
--

CREATE TABLE public.silant_machine (
    id bigint NOT NULL,
    serial_number character varying(255) NOT NULL,
    engine_serial_number character varying(255) NOT NULL,
    transmission_serial_number character varying(255) NOT NULL,
    driven_axle_serial_number character varying(255) NOT NULL,
    steered_axle_serial_number character varying(255) NOT NULL,
    delivery_contract_number character varying(255) NOT NULL,
    shipping_date date NOT NULL,
    cargo_receiver character varying(255) NOT NULL,
    delivery_address text NOT NULL,
    equipment text,
    client_id integer NOT NULL,
    driven_axle_model_id bigint NOT NULL,
    engine_model_id bigint NOT NULL,
    steered_axle_model_id bigint NOT NULL,
    technique_model_id bigint NOT NULL,
    transmission_model_id bigint NOT NULL
);


ALTER TABLE public.silant_machine OWNER TO root;

--
-- Name: silant_machine_id_seq; Type: SEQUENCE; Schema: public; Owner: root
--

ALTER TABLE public.silant_machine ALTER COLUMN id ADD GENERATED BY DEFAULT AS IDENTITY (
    SEQUENCE NAME public.silant_machine_id_seq
    START WITH 1
    INCREMENT BY 1
    NO MINVALUE
    NO MAXVALUE
    CACHE 1
);


--
-- Name: silant_maintenance; Type: TABLE; Schema: public; Owner: root
--

CREATE TABLE public.silant_maintenance (
    id bigint NOT NULL,
    maintenance_date date NOT NULL,
    operating_hours integer NOT NULL,
    order_number character varying(255) NOT NULL,
    order_date date NOT NULL,
    machine_id bigint NOT NULL,
    maintenance_type_id bigint NOT NULL,
    service_company_id bigint NOT NULL
);


ALTER TABLE public.silant_maintenance OWNER TO root;

--
-- Name: silant_maintenance_id_seq; Type: SEQUENCE; Schema: public; Owner: root
--

ALTER TABLE public.silant_maintenance ALTER COLUMN id ADD GENERATED BY DEFAULT AS IDENTITY (
    SEQUENCE NAME public.silant_maintenance_id_seq
    START WITH 1
    INCREMENT BY 1
    NO MINVALUE
    NO MAXVALUE
    CACHE 1
);


--
-- Name: silant_service; Type: TABLE; Schema: public; Owner: root
--

CREATE TABLE public.silant_service (
    id bigint NOT NULL,
    name character varying(255) NOT NULL,
    description text NOT NULL,
    user_id integer
);


ALTER TABLE public.silant_service OWNER TO root;

--
-- Name: silant_service_id_seq; Type: SEQUENCE; Schema: public; Owner: root
--

ALTER TABLE public.silant_service ALTER COLUMN id ADD GENERATED BY DEFAULT AS IDENTITY (
    SEQUENCE NAME public.silant_service_id_seq
    START WITH 1
    INCREMENT BY 1
    NO MINVALUE
    NO MAXVALUE
    CACHE 1
);


--
-- Data for Name: auth_group; Type: TABLE DATA; Schema: public; Owner: root
--

COPY public.auth_group (id, name) FROM stdin;
1	Клиент
2	Сервисная организация
3	Менеджер
\.


--
-- Data for Name: auth_group_permissions; Type: TABLE DATA; Schema: public; Owner: root
--

COPY public.auth_group_permissions (id, group_id, permission_id) FROM stdin;
1	1	32
2	1	40
3	1	28
5	1	37
6	2	32
7	2	37
8	2	40
9	2	28
10	2	29
11	3	32
12	3	37
13	3	38
14	3	40
15	3	13
16	3	14
17	3	16
18	3	25
19	3	26
20	3	28
21	3	29
22	3	30
\.


--
-- Data for Name: auth_permission; Type: TABLE DATA; Schema: public; Owner: root
--

COPY public.auth_permission (id, name, content_type_id, codename) FROM stdin;
1	Can add log entry	1	add_logentry
2	Can change log entry	1	change_logentry
3	Can delete log entry	1	delete_logentry
4	Can view log entry	1	view_logentry
5	Can add permission	2	add_permission
6	Can change permission	2	change_permission
7	Can delete permission	2	delete_permission
8	Can view permission	2	view_permission
9	Can add group	3	add_group
10	Can change group	3	change_group
11	Can delete group	3	delete_group
12	Can view group	3	view_group
13	Can add user	4	add_user
14	Can change user	4	change_user
15	Can delete user	4	delete_user
16	Can view user	4	view_user
17	Can add content type	5	add_contenttype
18	Can change content type	5	change_contenttype
19	Can delete content type	5	delete_contenttype
20	Can view content type	5	view_contenttype
21	Can add session	6	add_session
22	Can change session	6	change_session
23	Can delete session	6	delete_session
24	Can view session	6	view_session
25	Can add Машина	7	add_machine
26	Can change Машина	7	change_machine
27	Can delete Машина	7	delete_machine
28	Can view Машина	7	view_machine
29	Can add complaint	8	add_complaint
30	Can change complaint	8	change_complaint
31	Can delete complaint	8	delete_complaint
32	Can view complaint	8	view_complaint
33	Can add Сервисная компания	9	add_service
34	Can change Сервисная компания	9	change_service
35	Can delete Сервисная компания	9	delete_service
36	Can view Сервисная компания	9	view_service
37	Can add ТО	10	add_maintenance
38	Can change ТО	10	change_maintenance
39	Can delete ТО	10	delete_maintenance
40	Can view ТО	10	view_maintenance
41	Can add Справочник	11	add_directory
42	Can change Справочник	11	change_directory
43	Can delete Справочник	11	delete_directory
44	Can view Справочник	11	view_directory
\.


--
-- Data for Name: auth_user; Type: TABLE DATA; Schema: public; Owner: root
--

COPY public.auth_user (id, password, last_login, is_superuser, username, first_name, last_name, email, is_staff, is_active, date_joined) FROM stdin;
2	pbkdf2_sha256$870000$IWffllbnWHUis9wSWY7ubm$5xCNHP86zpXo3LfEYeN+3kxYpqSrIq7hgDDrm2KILD8=	\N	f	manager1				f	t	2024-08-27 12:47:55+00
62	pbkdf2_sha256$870000$IhefPrhlARea7kig5fcjSN$lMkShwOGNxrHSZwA2RlmNsdgBcXpcPcIJUNYVId8Ugc=	\N	f	service8	dsadsa	dsadasdds	f@a.r	f	t	2024-10-03 08:37:39.023585+00
63	pbkdf2_sha256$870000$aN6zn8CHjn5U2bymuqCdJK$9JRz8jIsKKMPuBaLtKk+/yYQaa/yn0O1P+RUyJn25c0=	\N	f	service9	dsadsa	dsadasdds	f@a.r	f	t	2024-10-03 08:38:38.106169+00
4	pbkdf2_sha256$870000$x4rQfsJckdfCp0KmLpYwxx$pRN8H0fbybSOm6IZ7c5LATM8x4ouP6qrCrBo8m+7IWA=	\N	f	service1	Сервис1	Фамилия	testSc@mail.ru	f	t	2024-09-16 10:29:28+00
5		\N	f					f	t	2024-10-02 07:46:27.279652+00
6	pbkdf2_sha256$870000$U0tRM6eYT2D6Oz8aNhLzH6$2LtOTVe6yDrslU2QVfzUy93CRT3EQZBrlZIb29XuqW4=	\N	f	client2	Вячеслав	Фоменко	fom.stud@yandex.ru	f	t	2024-10-02 09:14:55.634967+00
7	pbkdf2_sha256$870000$Nretkd9EPJBBYHPydarw3M$vTSR92VjdU6e5Vmeys5wIMsHgAlfrolmjM85kXkx8Vo=	\N	f	client3	Вячеслав	Фоменко	fom.stud@yandex.ru	f	t	2024-10-02 09:15:05.373041+00
8	pbkdf2_sha256$870000$Va10VH4ti5HWl3SdPK8ETa$3tD876610Q/cuJnxTvVQ4WZ+0n+J3kG0Oxotb/38e2M=	\N	f	client4	Вячеслав	Фоменко	fom.stud@yandex.ru	f	t	2024-10-02 09:17:02.393965+00
9	pbkdf2_sha256$870000$HS1xQsm5IdE4bZ53xbNqp1$Rzi/6+qR0mcsbVlmT1DgcAKDk+I1qAN20xx+6HO9TP4=	\N	f	client5	Вячеслав	Фоменко	fom.stud@yandex.ru	f	t	2024-10-02 09:17:29.372226+00
10	pbkdf2_sha256$870000$YP9g9phyZJpcYyjOZDrwcK$fnZyErbODtHGboC/TF3ndiDs0gT7wR9nCDJzAgwbREA=	\N	f	client6	eqw	ewq	fom.stud@yandex.ruqwe	f	t	2024-10-02 09:17:42.174081+00
11	pbkdf2_sha256$870000$Uz8knR3bcGhKzgtJDFFN0Q$DV4quPmy21Xofh/dXx8R1wKXGeXaJ3EFWuWyXrKlsVo=	\N	f	client7	eqw	ewq	fom.stud@yandex.ruqwe	f	t	2024-10-02 09:18:22.405287+00
12	pbkdf2_sha256$870000$4Ofyxcat5Q8RbdzBdwc7ZB$K0vMJLtAbo+6H+cJzIQiBRffFBK5Qq8r8NXfrUyy1Cw=	\N	f	client8	eqw	ewq	fom.stud@yandex.ruqwe	f	t	2024-10-02 09:18:27.99229+00
14		\N	f	client10	Вячеслав	Фоменко	fom.stud@yandex.ru	f	t	2024-10-02 09:30:06.481215+00
16	pbkdf2_sha256$870000$wbIHNA1Fub78Sj9wtEl53S$x+hTZIuVXmfmbAO9821EJ9WN8ytjjUtnxH1zASvxb4Q=	\N	f	client12	Вячеслав	Фоменко	fom.stud@yandex.ru	f	t	2024-10-02 09:30:48.616023+00
18		\N	f	client14	teststsatsa	tastsaast	te@mail.ru	f	t	2024-10-02 12:54:04.766257+00
52		\N	f	client16	Имя333	Фамилия333	test222@mail.ru	f	t	2024-10-03 05:24:42.372246+00
53		\N	f	client17	Имя222	Фамилия222	test2222@mail.ru	f	t	2024-10-03 05:33:50.845124+00
54	pbkdf2_sha256$870000$JHxmBPcftHAiQqwkRUcoPm$RCxyXTLIMeHYDgea2meNKovb/UbDwL94f7vDEYWO6gA=	\N	f	client18	Усталуже	Заполнять	dannie@mail.ru	f	t	2024-10-03 07:16:14.320077+00
56	pbkdf2_sha256$870000$z7qa7XfjnQlR3RfhyE0oqz$QyyWCUns9CrkMqXjt0cflhwNK5h4Ucgm5mcMyFZMaT8=	\N	f	service2	slava	fomenko	fom@mail.ru	f	t	2024-10-03 08:18:23.102869+00
61	pbkdf2_sha256$870000$c6xyAMU5pAFaz7lhmtycC1$qy0TJNju6hBcNfkgIAgeFiy3dG/R88r6Y3Zwn3elDO8=	\N	f	service7	dsadsa	dsadasd	f@a.r	f	t	2024-10-03 08:36:59.354464+00
66	pbkdf2_sha256$870000$XTSxOPRP941LbTHQb8GAAj$UMdXypZsxMA0fORd/uD6WzyAtpJMkVM9FTmVU1FplZs=	\N	f	client20	dsadsadsdddd	dsadasddsds	f@a.r	f	t	2024-10-03 08:41:54.354275+00
67		\N	f	service12	asdasd	asdasd	asd@mail.ru	f	t	2024-10-03 08:43:40.895562+00
68	pbkdf2_sha256$870000$yx0AD4FkDTm8aLdvlqKrDf$6j3UI27smztsMGCuGOWM839GjvOUQK2dG4Jnp4/nj8w=	\N	f	service13	выфвфыв	фывфыв	test@mail.ru	f	t	2024-10-03 09:22:25.115734+00
70	pbkdf2_sha256$870000$42izCJos3b449y1djwQb8N$NthZsH2p1hmK3BEWzW/+zXIbS8AB1kDZeobqlZMJZaI=	\N	f	client21	выфвфыв	фывфыв	test@mail.ru	f	t	2024-10-03 09:26:17.996853+00
71		\N	f	client22	выфвфыв	фывфыв	test@mail.ru	f	t	2024-10-03 09:26:31.281289+00
72	pbkdf2_sha256$870000$jxpUo0kzwhZez4SIZ3lQ93$9MVMa0PdFSVIumVmigZ0kpH18N1G1A/4py5tLvdHWVU=	\N	f	service15	выфвфыв	фывфыв	test@mail.ru	f	t	2024-10-03 09:26:52.966469+00
75	pbkdf2_sha256$870000$iqcYEclPQqEP7r1WfRuEu1$79GqHrSSDSUlOni1RkPoZWwx+Cm4wYIkSV1u8u29YP8=	\N	f	service18	выфвфыв	фывфыв	test@mail.ru	f	t	2024-10-03 09:27:59.19059+00
77		\N	f	service20	выфвфыв	фывфыв	test@mail.ru	f	t	2024-10-03 09:38:57.12186+00
78	pbkdf2_sha256$870000$FdDNXLtuTSQwts0jSLP5Wi$t/CwK+k6X2ZT8HxgEfotDDHKMt8M8h54rBfz/K6ZQyA=	\N	f	service21	выфвфыв	фывфыв	test@mail.ru	f	t	2024-10-03 09:42:16.448457+00
81		\N	f	service24	выфвфыв	фывфыв	test@mail.ru	f	t	2024-10-03 09:42:50.389223+00
82	pbkdf2_sha256$870000$gYRqro186eTz0gWaUc0Uq1$0UGZq7v3KRdMp5lKvi3THC2MyleL7VoorBQtctArz+c=	\N	f	service25	выфвфыв	фывфыв	test@mail.ru	f	t	2024-10-03 10:10:17.03171+00
83	pbkdf2_sha256$870000$oMYPvL8xZVZUCj6UctY91e$9O7fwPr/62nS57XobaMkYrVJ9GIEBHum0JFdNjYBv/o=	\N	f	service26	выфвфыв	фывфыв	test@mail.ru	f	t	2024-10-03 10:10:32.058555+00
84	pbkdf2_sha256$870000$FoYl4tiDPqTM2NCdOTmjTh$ebCjG3EO0fr6h+xkKSAfoz+S4qOIEPDQGpbmrm+0FJY=	\N	f	service27	выфвфыв	фывфыв	test@mail.ru	f	t	2024-10-03 10:18:20.716328+00
76		\N	f	service19	выфвфыв	фывфыв	test@mail.ru	f	t	2024-10-03 09:38:45.403648+00
80		\N	f	service23	выфвфыв	фывфыв	test@mail.ru	f	t	2024-10-03 09:42:42.241661+00
79		\N	f	service22	11	фывфыв	test@mail.ru	f	t	2024-10-03 09:42:23.408769+00
65	pbkdf2_sha256$870000$J6oOHm2oBpHd4Jm9viSyBZ$LC0LeCqfFPYtVrc1DqrdL+KjC4+0es0+rZb+n21qEgI=	\N	f	service11	dsadsads	dsadasddsds	f@a.r	f	t	2024-10-03 08:41:34.026131+00
74	pbkdf2_sha256$870000$rABn8ROPdr7pf2XIanel1M$fYSyhufNtym2wA0z5TKnZ5Yn65W3Tl7MxOWDDFm8HJw=	\N	f	service17	17	17	test@mail.ru	f	t	2024-10-03 09:27:49.363653+00
73	pbkdf2_sha256$870000$QnDbctFv7UIBotuUwFudrd$7DMph870Gz/50Vi1ThulI1aWrR2xkc4Nf/k6/L3uQs8=	\N	f	service16	выфвфыв	фывфыв1	test@mail.ru	f	t	2024-10-03 09:27:24.83996+00
13		\N	f	client9	Вячеслав	Gоменко	fom.stud@yandex.ru	f	t	2024-10-02 09:29:47.975195+00
60	pbkdf2_sha256$870000$DC83Xpqpub8WDUg3kvK0qM$ZpWymekS6c64BuDFAJVlgv6Sd5NYmLJIWm/VE5OvWKY=	\N	f	service6	444	444	fom.stu@mail.ru	f	t	2024-10-03 08:27:41.031197+00
69	pbkdf2_sha256$870000$4OYiImkEB0XDgXDpQDAZUT$tc5Du41owFTskLZpFfpn318At3Mdw7RJ+ifa0D4hIso=	\N	f	service14	выфвфыв2	фывфыв	test@mail.ru	f	t	2024-10-03 09:22:53.833969+00
15		\N	f	client11	Вячеслав	Geменко	fom.stud@yandex.ru	f	t	2024-10-02 09:30:27.199023+00
59		\N	f	service5	Vyach	Fom	fom.stu@mail.ru	f	t	2024-10-03 08:27:23.985122+00
85	pbkdf2_sha256$870000$wsKcZK4jSBY94wJdSyKjbh$a8vhOj9p6ABdac0tQ3W5D5ZbEOjK/I7Ccsa+kiGOcME=	\N	f	client23	выфвфыв	фывфыв	test@mail.ru	f	t	2024-10-03 10:18:25.15457+00
86	pbkdf2_sha256$870000$ucRW16nJBrRXTR96mOXbtD$FRRwUvQLtDUbnTW5qS5+uZIxM25YHvQ+yV9Ny7zPrlA=	\N	f	service28	выфвфыв	фывфыв	test@mail.ru	f	t	2024-10-03 10:18:37.467954+00
51	pbkdf2_sha256$870000$gfQU5YjR0rqrMo2Lt20Zuc$+Q9AnbgbDXIm3tLNKJ9Q7Gtl44/FcDjCTByMF1Q69K4=	\N	f	client15	Имя111	Фамилия	test@mail.ru	f	t	2024-10-03 05:24:04.045777+00
17		\N	f	client13	teststsatsa	tastsaast	te@mail.ru	f	t	2024-10-02 12:51:45.12634+00
58	pbkdf2_sha256$870000$DGotRO9HJ7lBcfITnYb7Ac$agGdH5uPHlPqh+aTGsAtbSuVAQYyeknzb8wQXi3VOUM=	\N	f	service4	Vyach	Fom	fom.stu@mail.ru	f	t	2024-10-03 08:22:23.050452+00
64		\N	f	service10	dsadsads	dsadasddsds	f@a.rr	f	t	2024-10-03 08:39:19.361775+00
87	pbkdf2_sha256$870000$ngu429MinAFr5LIwTshIt6$SPi10Zy0lIPvVEyoinYEXa7a6M17Q0RIgucAkvGm6Ro=	\N	f	client24	Петр	Ивано	ivanoff@mail.ru	f	t	2024-10-03 11:28:10.966059+00
90		\N	f	client27	Вячеслав	Фоменко	fom.stud@yandex.ru	f	t	2024-10-10 17:27:24.81904+00
89	pbkdf2_sha256$870000$krpGDH3xS1Ucm2L0VG9Bey$AqzIMKF1eg4KLHp6E23DgwdoMGaTdPgopqqeuoxc2z8=	\N	f	client26	Вячеслав	Фоменко	fom.stud@yandex.ru	f	t	2024-10-10 17:26:52.348625+00
91	pbkdf2_sha256$870000$yQjXGvCnTYRaEudMtqTwIz$fILaDVt0lWgopecB138LMeOnxsnhH8ZpTa3gvxY6Vhg=	\N	f	service29	omg11	good	test@mail.rus	f	t	2024-10-27 10:33:45.966157+00
3	pbkdf2_sha256$870000$FFLCv8zMdyizrt81d9xFpq$ld36I3R06/Yluwaqg44raJWzsVs6TnxRbM0SfiOKUzk=	\N	f	client1	Клиент 1	Проверка	test@mail.ru	f	t	2024-09-16 10:22:48+00
88	pbkdf2_sha256$870000$lyzkWyvjpKPbMPlgRz7WKx$KkaIR6JX+WiYNDGIGpFKADGG4mJXSTOJxk+Jgm610SI=	\N	f	client25	Петр	1Ивано	ivanoff@mail.ru	f	t	2024-10-03 11:29:31.979934+00
57	pbkdf2_sha256$870000$cG0ZtnD3ROXmzd5xDy46oi$m/rDUp2kjUe5MK+XohaJLNkhutUDdgzqzrHT2KDzQsY=	\N	f	service3	222	222	fom@mail.ru	f	t	2024-10-03 08:21:34.086938+00
1	pbkdf2_sha256$870000$GdHofC5syyPUK1nHuM3Z9A$Pzx/oaIdPTL1uDU75VueWLG9d7dTERPDP1o2/1Re37M=	2024-11-05 15:08:28.176292+00	t	root				t	t	2024-08-22 10:46:00.04021+00
55	pbkdf2_sha256$870000$nLPRF4QUHZrxW8sAor8tSY$f9+TEQ2/KyzK0VZPeD6hCP9JNucL6vCaGs2ydLX8TRg=	\N	f	client19	NAME	LASTNAM	EMAIL.post@mail.ru	f	t	2024-10-03 07:29:12.459157+00
\.


--
-- Data for Name: auth_user_groups; Type: TABLE DATA; Schema: public; Owner: root
--

COPY public.auth_user_groups (id, user_id, group_id) FROM stdin;
1	2	3
2	3	1
3	4	2
4	16	1
5	17	1
6	18	1
39	51	1
40	52	1
41	53	1
42	54	1
43	55	1
44	56	2
45	57	2
46	58	2
47	59	2
48	60	2
49	61	2
50	62	2
51	63	2
52	64	2
53	65	2
54	66	1
55	67	2
56	68	2
57	69	2
58	70	1
59	71	1
60	72	2
61	73	2
62	74	2
63	75	2
64	76	2
65	77	2
66	78	2
67	79	2
68	80	2
69	81	2
70	82	2
71	83	2
72	84	2
73	85	1
74	86	2
75	87	1
76	88	1
77	89	1
78	90	1
79	91	2
\.


--
-- Data for Name: auth_user_user_permissions; Type: TABLE DATA; Schema: public; Owner: root
--

COPY public.auth_user_user_permissions (id, user_id, permission_id) FROM stdin;
\.


--
-- Data for Name: django_admin_log; Type: TABLE DATA; Schema: public; Owner: root
--

COPY public.django_admin_log (id, action_time, object_id, object_repr, action_flag, change_message, content_type_id, user_id) FROM stdin;
1	2024-08-27 11:52:11.95487+00	1	clients	1	[{"added": {}}]	3	1
2	2024-08-27 11:52:36.004709+00	1	Клиент	2	[{"changed": {"fields": ["Name"]}}]	3	1
3	2024-08-27 11:52:42.354958+00	2	Сервисная организация	1	[{"added": {}}]	3	1
4	2024-08-27 11:52:47.384932+00	3	Менеджер	1	[{"added": {}}]	3	1
5	2024-08-27 11:54:02.275161+00	1	Клиент	2	[{"changed": {"fields": ["Permissions"]}}]	3	1
6	2024-08-27 11:55:32.084778+00	1	Клиент	2	[{"changed": {"fields": ["Permissions"]}}]	3	1
7	2024-08-27 11:56:24.810031+00	2	Сервисная организация	2	[{"changed": {"fields": ["Permissions"]}}]	3	1
8	2024-08-27 11:57:14.897157+00	3	Менеджер	2	[{"changed": {"fields": ["Permissions"]}}]	3	1
9	2024-08-27 12:47:55.705173+00	2	user1	1	[{"added": {}}]	4	1
10	2024-09-11 08:16:39.676372+00	2	manager1	2	[{"changed": {"fields": ["Username", "Groups"]}}]	4	1
11	2024-09-11 11:58:22.783671+00	2	manager1	2	[{"changed": {"fields": ["password"]}}]	4	1
12	2024-09-16 10:22:48.817962+00	3	client1	1	[{"added": {}}]	4	1
13	2024-09-16 10:25:31.665367+00	3	client1	2	[{"changed": {"fields": ["Groups"]}}]	4	1
14	2024-09-16 10:29:29.097863+00	4	service1	1	[{"added": {}}]	4	1
15	2024-09-16 10:29:33.3458+00	4	service1	2	[{"changed": {"fields": ["Groups"]}}]	4	1
16	2024-09-30 12:23:51.915361+00	3	client1	2	[{"changed": {"fields": ["First name", "Last name", "Email address"]}}]	4	1
17	2024-09-30 12:24:15.618918+00	4	service1	2	[{"changed": {"fields": ["First name", "Last name", "Email address"]}}]	4	1
18	2024-11-03 14:11:17.302254+00	3	ТО Машина: NN1	2	[{"changed": {"fields": ["\\u2116 \\u0437\\u0430\\u043a\\u0430\\u0437-\\u043d\\u0430\\u0440\\u044f\\u0434\\u0430"]}}]	10	1
19	2024-11-03 14:11:20.393342+00	4	ТО Машина: NN3	2	[{"changed": {"fields": ["\\u2116 \\u0437\\u0430\\u043a\\u0430\\u0437-\\u043d\\u0430\\u0440\\u044f\\u0434\\u0430"]}}]	10	1
20	2024-11-03 14:11:22.544538+00	6	ТО Машина: NN61	2	[]	10	1
21	2024-11-03 14:11:24.496173+00	5	ТО Машина: NN199	2	[]	10	1
\.


--
-- Data for Name: django_content_type; Type: TABLE DATA; Schema: public; Owner: root
--

COPY public.django_content_type (id, app_label, model) FROM stdin;
1	admin	logentry
2	auth	permission
3	auth	group
4	auth	user
5	contenttypes	contenttype
6	sessions	session
7	silant	machine
8	silant	complaint
9	silant	service
10	silant	maintenance
11	silant	directory
\.


--
-- Data for Name: django_migrations; Type: TABLE DATA; Schema: public; Owner: root
--

COPY public.django_migrations (id, app, name, applied) FROM stdin;
1	contenttypes	0001_initial	2024-08-22 10:43:01.552395+00
2	auth	0001_initial	2024-08-22 10:43:01.66213+00
3	admin	0001_initial	2024-08-22 10:43:01.68724+00
4	admin	0002_logentry_remove_auto_add	2024-08-22 10:43:01.692245+00
5	admin	0003_logentry_add_action_flag_choices	2024-08-22 10:43:01.707304+00
6	contenttypes	0002_remove_content_type_name	2024-08-22 10:43:01.727507+00
7	auth	0002_alter_permission_name_max_length	2024-08-22 10:43:01.737149+00
8	auth	0003_alter_user_email_max_length	2024-08-22 10:43:01.747194+00
9	auth	0004_alter_user_username_opts	2024-08-22 10:43:01.75745+00
10	auth	0005_alter_user_last_login_null	2024-08-22 10:43:01.75745+00
11	auth	0006_require_contenttypes_0002	2024-08-22 10:43:01.771204+00
12	auth	0007_alter_validators_add_error_messages	2024-08-22 10:43:01.777226+00
13	auth	0008_alter_user_username_max_length	2024-08-22 10:43:01.787565+00
14	auth	0009_alter_user_last_name_max_length	2024-08-22 10:43:01.797225+00
15	auth	0010_alter_group_name_max_length	2024-08-22 10:43:01.807363+00
16	auth	0011_update_proxy_permissions	2024-08-22 10:43:01.817416+00
17	auth	0012_alter_user_first_name_max_length	2024-08-22 10:43:01.817939+00
18	sessions	0001_initial	2024-08-22 10:43:01.847205+00
19	silant	0001_initial	2024-08-26 12:16:03.528217+00
20	silant	0002_alter_complaint_options_alter_complaint_failure_node_and_more	2024-08-27 16:34:21.346662+00
21	silant	0003_alter_directory_options_directory_deleted_date	2024-09-24 10:32:37.971281+00
22	silant	0004_service_user	2024-10-03 08:21:22.856173+00
23	silant	0005_alter_machine_equipment_alter_machine_serial_number	2024-11-03 09:17:56.019209+00
24	silant	0006_alter_complaint_failure_description_and_more	2024-11-05 17:46:58.221078+00
\.


--
-- Data for Name: django_session; Type: TABLE DATA; Schema: public; Owner: root
--

COPY public.django_session (session_key, session_data, expire_date) FROM stdin;
er92ihhspgbqeq0dd6xcfvvkuqlptm5a	.eJxVjM0OwiAQhN-FsyFA-akevfsMZJddpGpoUtqT8d0tSQ-azOmbb-YtImxriVvjJU4kLkKL0y9DSE-uvaAH1Pss01zXZULZFXm0Td5m4tf1cP8OCrSyr8F7P9pg1JB0TpZy0KbHup2rgVXQPo-ATDlpZPDGKYPOGz4TkULx-QK_-DeX:1sp3el:Yd9n4_aE7UpnjjrvJVAOhIjSaJ9c9ADEHHO5QhaAfZo	2024-09-27 10:36:03.297533+00
8fh1bers022qqiyqxkjfbybs3bfodojg	.eJxVjM0OwiAQhN-FsyFA-akevfsMZJddpGpoUtqT8d0tSQ-azOmbb-YtImxriVvjJU4kLkKL0y9DSE-uvaAH1Pss01zXZULZFXm0Td5m4tf1cP8OCrSyr8F7P9pg1JB0TpZy0KbHup2rgVXQPo-ATDlpZPDGKYPOGz4TkULx-QK_-DeX:1svDv7:2mXYLz6liP9csgppv3MDHXpqhzwS0G2r_7nYCMDggTM	2024-10-14 10:46:25.522125+00
pdwvdzmgjkggz6186y3gf0i9eoelyp4c	.eJxVjM0OwiAQhN-FsyFA-akevfsMZJddpGpoUtqT8d0tSQ-azOmbb-YtImxriVvjJU4kLkKL0y9DSE-uvaAH1Pss01zXZULZFXm0Td5m4tf1cP8OCrSyr8F7P9pg1JB0TpZy0KbHup2rgVXQPo-ATDlpZPDGKYPOGz4TkULx-QK_-DeX:1t7bJt:M_oM6RetprATTOj5fqmuWh9Fgc1xj1fjX8200eGuWOw	2024-11-17 14:11:09.37328+00
4e1lts98nrvfws56yw6ix50auubhjj2o	.eJxVjM0OwiAQhN-FsyFA-akevfsMZJddpGpoUtqT8d0tSQ-azOmbb-YtImxriVvjJU4kLkKL0y9DSE-uvaAH1Pss01zXZULZFXm0Td5m4tf1cP8OCrSyr8F7P9pg1JB0TpZy0KbHup2rgVXQPo-ATDlpZPDGKYPOGz4TkULx-QK_-DeX:1t8LAS:o8QJNTf80keZnT3xhvIqadQp5HIwcnzWo2cy3YjL2mc	2024-11-19 15:08:28.181293+00
\.


--
-- Data for Name: silant_complaint; Type: TABLE DATA; Schema: public; Owner: root
--

COPY public.silant_complaint (id, date_refuse, operating_hours, failure_description, parts_used, recovery_date, downtime, failure_node_id, recovery_method_id, machine_id, service_company_id) FROM stdin;
1	2024-10-31	1			2024-11-05	5	36	43	2	2
3	2024-11-04	145			2024-11-05	1	37	43	8	10
4	2024-11-05	15			2024-11-05	0	37	44	11	4
5	2024-11-05	1			2024-11-05	0	37	43	12	1
2	2024-10-18	912			2024-11-05	18	38	43	9	1
\.


--
-- Data for Name: silant_directory; Type: TABLE DATA; Schema: public; Owner: root
--

COPY public.silant_directory (id, entity_name, name, description, deleted_date) FROM stdin;
43	RECOVERY_METHOD	Самостоятельное восстановление	Клиент своими силами восстановил	\N
6	TECHNIQUE_MODEL	Проверка 2z	Проверка тест 2 описание	2024-09-24 11:15:00.231093+00
1	TECHNIQUE_MODEL	Проверка1	Проверка описания	2024-09-24 11:15:05.203868+00
2	ENGINE_MODEL	Двигатель 1zz	Описание двигателя 1zz	2024-09-24 11:15:35.479558+00
7	STEERED_AXLE_MODEL	Упр. мост 111	Описание упр. моста 1	2024-09-24 12:18:43.064136+00
8	TECHNIQUE_MODEL	321	321	2024-09-24 12:19:11.601672+00
9	DRIVEN_AXLE_MODEL	Ведущий мост 3	Описание ведущего моста 3	\N
10	DRIVEN_AXLE_MODEL	Ведущий мост 4	Описание ведущего моста 4	\N
11	DRIVEN_AXLE_MODEL	Ведущий мост 5	описание ведущего моста 5	\N
3	TRANSMISSION_MODEL	Трансмиссия 1	Описание Трансмиссия 1	\N
14	TRANSMISSION_MODEL	Трансмиссия 3	Описание Трансмиссия 3	\N
18	TECHNIQUE_MODEL	Модель техники 4	Описание Модель техники 4	\N
19	TECHNIQUE_MODEL	Модель техники 5	Описание модель техники 5	\N
20	ENGINE_MODEL	Двигатель 1	Описание Двигатель 1	\N
22	ENGINE_MODEL	Двигатель 3	Описание двигатель 3	\N
23	ENGINE_MODEL	Двигатель 4	Описание Двигатель 4	\N
24	ENGINE_MODEL	Двигатель 5	Описание двигатель 5	\N
27	STEERED_AXLE_MODEL	Управляемый мост 3	Описание Управляемый мост 3	\N
28	STEERED_AXLE_MODEL	Управляемый мост 4	Описание Управляемый мост 4	\N
29	STEERED_AXLE_MODEL	Управляемый мост 5	Описание Управляемый мост 5	\N
31	MAINTENANCE_TYPE	Ежемесячное ТО	ТО проводимое раз в месяц	\N
33	MAINTENANCE_TYPE	Периодическое ТО	Описание Периодическое ТО	\N
35	FAILURE_NODE	Тормозная система	Вышла из строя тормозная система	\N
36	FAILURE_NODE	Электрическая система	Вышла из строя электрика	\N
37	FAILURE_NODE	Система охлаждения	Вышла из строя система озлаждения	\N
38	FAILURE_NODE	Подвеска	Вышла из строя подвеска	\N
39	FAILURE_NODE	Рулевое управление	Вышла из строя рулевое управление	\N
40	FAILURE_NODE	Топливная система	Вышла из строя топливная система	\N
15	TECHNIQUE_MODEL	Модель техники 22	Описание Модель техники 11	\N
25	STEERED_AXLE_MODEL	Управляемый мост 1	Описание Управляемый мост 1	\N
50	TECHNIQUE_MODEL	ff	1d2d2	\N
21	ENGINE_MODEL	Двигатель 2	Описание Двигатель 2	\N
41	FAILURE_NODE	Система выхлопа	Вышла из строя система выхлопаd	\N
4	DRIVEN_AXLE_MODEL	Ведущий мост 1	Описание ведущего моста 1	\N
47	STEERED_AXLE_MODEL	dd	ddfggg	\N
42	FAILURE_NODE	Гидравлическая система	Вышла из строя	\N
17	TECHNIQUE_MODEL	Модель техники 3	Описание Модель техники 3	\N
13	TRANSMISSION_MODEL	Трансмиссия 2	Описание Трансмиссия 2	\N
52	TECHNIQUE_MODEL	1	45	\N
45	TECHNIQUE_MODEL	Модель техники 6	Описание модели техники 622	\N
30	STEERED_AXLE_MODEL	Управляемый мост 6	Описание Управляемый мост 622	\N
44	RECOVERY_METHOD	Гарантия	Ремонт по гарант	\N
49	STEERED_AXLE_MODEL	ff	ff	\N
32	MAINTENANCE_TYPE	Сезонное ТО пам	ТО проводимое раз в сезон	\N
51	ENGINE_MODEL	eng	23dg	\N
16	TECHNIQUE_MODEL	Модель техники 23	Описан2ие Модель техники 2	\N
26	STEERED_AXLE_MODEL	Управляемый мост 233	Описание Управляемый мост 2	\N
46	TECHNIQUE_MODEL	Мод Техн 15	описание мод техн 15232	\N
48	DRIVEN_AXLE_MODEL	1	123	\N
5	DRIVEN_AXLE_MODEL	Ведущий мост 90	Описание ведущего моста 2	\N
12	DRIVEN_AXLE_MODEL	Ведущий мост 6a	Описание ведущий мост 6dd	\N
53	DRIVEN_AXLE_MODEL	Ведущий мост 591	Ведущий мост 5911	\N
54	TRANSMISSION_MODEL	Трансмиссия 34	Описание трансмиссии 34	\N
55	MAINTENANCE_TYPE	Образное ТО	Ничего тут не будет!	\N
34	MAINTENANCE_TYPE	Диагностическое ТО	Описание Диагностическое то	\N
\.


--
-- Data for Name: silant_machine; Type: TABLE DATA; Schema: public; Owner: root
--

COPY public.silant_machine (id, serial_number, engine_serial_number, transmission_serial_number, driven_axle_serial_number, steered_axle_serial_number, delivery_contract_number, shipping_date, cargo_receiver, delivery_address, equipment, client_id, driven_axle_model_id, engine_model_id, steered_axle_model_id, technique_model_id, transmission_model_id) FROM stdin;
7	NN9	1	2	3	4	5	2024-10-31	6	7		88	5	20	26	46	3
1	NN1	1	2	3	4	5	2024-10-31	6	7		7	5	20	26	15	3
3	NN33213213	у	к	е	в	в	2024-10-31	п	а		13	9	22	26	15	14
10	NN16	6112	15	12	12	№55	2024-11-03	ИП петров	Кукшин 36а	Дополнительный тормоз спереди и газ сзади \nЛюк внизу \n300 лошадиных сил, 250 ослиных сил, 4 пьяные макаки	16	11	24	29	19	14
14	NN75	d	d	s	a	a	2024-11-03	1	2		52	5	22	26	18	13
8	NN12	1	2	3	4	5	2024-10-31	6	7		88	11	20	26	15	14
15	NN25	12	32	151	21	52	2024-11-05	fido	Petrq`11		55	12	21	26	17	13
9	NN199	#5	#2	#4	#6	№31 от 31.10.2024	2024-10-31	ИП Иванов	Ул. колотушкина		12	10	24	30	19	13
12	NN62	12	3	4	5	312	2024-11-03	222	111		55	9	24	28	16	13
11	NN61	12	3	4	5	312	2024-11-03	222	111		55	9	24	28	46	3
13	NN63	12	3	4	5	312	2024-11-03	222	111		55	5	24	28	46	13
2	NN3	3	4	5	6	7	2024-10-31	1	2	neee	15	11	21	26	16	13
6	NN5	2	6aaaa	ccc	vvv	fff	2024-10-31	ggg	hhh		3	5	21	28	15	3
\.


--
-- Data for Name: silant_maintenance; Type: TABLE DATA; Schema: public; Owner: root
--

COPY public.silant_maintenance (id, maintenance_date, operating_hours, order_number, order_date, machine_id, maintenance_type_id, service_company_id) FROM stdin;
3	2024-11-03	1	123	2024-11-03	1	31	1
7	2024-11-03	125	321	2024-11-01	2	32	3
8	2024-11-05	12	2	2024-11-05	3	32	11
4	2024-11-03	12	1234	2024-11-03	2	31	1
9	2024-11-05	1	1	2024-11-05	3	32	1
5	2024-11-04	1111	1111	2024-11-02	9	31	3
11	2024-11-06	15	3	2024-11-06	12	34	1
6	2024-11-01	122	51	2024-11-03	11	31	1
10	2024-11-03	1	1	2024-11-03	15	32	3
\.


--
-- Data for Name: silant_service; Type: TABLE DATA; Schema: public; Owner: root
--

COPY public.silant_service (id, name, description, user_id) FROM stdin;
5	pampampam	das	61
6	pampampamds	dasds	62
7	pampampamds	dasds	63
9	dsasdd	dasdsds	65
10	fdg	dasdsds	67
11	выф	выф	68
13	dd	выф	72
16	dd	выф	75
18	dd	выф	77
19	dd	выф	78
22	dd	выф	81
23	dd	выф	82
24	dd	выф	83
25	dd	выф	84
26	выффыв	выф	86
27	last		91
17	dd	ggg	76
21	dd	ggggg	80
20	dd	11	79
4	service666	444	60
15	17	177	74
14	dd	выф	73
12	выф	выф	69
3	service555	33	59
1	Организация111	222	57
2	service333		58
8	pampampamdsd	dasdsds	64
\.


--
-- Name: auth_group_id_seq; Type: SEQUENCE SET; Schema: public; Owner: root
--

SELECT pg_catalog.setval('public.auth_group_id_seq', 3, true);


--
-- Name: auth_group_permissions_id_seq; Type: SEQUENCE SET; Schema: public; Owner: root
--

SELECT pg_catalog.setval('public.auth_group_permissions_id_seq', 22, true);


--
-- Name: auth_permission_id_seq; Type: SEQUENCE SET; Schema: public; Owner: root
--

SELECT pg_catalog.setval('public.auth_permission_id_seq', 44, true);


--
-- Name: auth_user_groups_id_seq; Type: SEQUENCE SET; Schema: public; Owner: root
--

SELECT pg_catalog.setval('public.auth_user_groups_id_seq', 79, true);


--
-- Name: auth_user_id_seq; Type: SEQUENCE SET; Schema: public; Owner: root
--

SELECT pg_catalog.setval('public.auth_user_id_seq', 91, true);


--
-- Name: auth_user_user_permissions_id_seq; Type: SEQUENCE SET; Schema: public; Owner: root
--

SELECT pg_catalog.setval('public.auth_user_user_permissions_id_seq', 1, false);


--
-- Name: django_admin_log_id_seq; Type: SEQUENCE SET; Schema: public; Owner: root
--

SELECT pg_catalog.setval('public.django_admin_log_id_seq', 21, true);


--
-- Name: django_content_type_id_seq; Type: SEQUENCE SET; Schema: public; Owner: root
--

SELECT pg_catalog.setval('public.django_content_type_id_seq', 11, true);


--
-- Name: django_migrations_id_seq; Type: SEQUENCE SET; Schema: public; Owner: root
--

SELECT pg_catalog.setval('public.django_migrations_id_seq', 24, true);


--
-- Name: silant_complaint_id_seq; Type: SEQUENCE SET; Schema: public; Owner: root
--

SELECT pg_catalog.setval('public.silant_complaint_id_seq', 5, true);


--
-- Name: silant_directory_id_seq; Type: SEQUENCE SET; Schema: public; Owner: root
--

SELECT pg_catalog.setval('public.silant_directory_id_seq', 55, true);


--
-- Name: silant_machine_id_seq; Type: SEQUENCE SET; Schema: public; Owner: root
--

SELECT pg_catalog.setval('public.silant_machine_id_seq', 15, true);


--
-- Name: silant_maintenance_id_seq; Type: SEQUENCE SET; Schema: public; Owner: root
--

SELECT pg_catalog.setval('public.silant_maintenance_id_seq', 11, true);


--
-- Name: silant_service_id_seq; Type: SEQUENCE SET; Schema: public; Owner: root
--

SELECT pg_catalog.setval('public.silant_service_id_seq', 27, true);


--
-- Name: auth_group auth_group_name_key; Type: CONSTRAINT; Schema: public; Owner: root
--

ALTER TABLE ONLY public.auth_group
    ADD CONSTRAINT auth_group_name_key UNIQUE (name);


--
-- Name: auth_group_permissions auth_group_permissions_group_id_permission_id_0cd325b0_uniq; Type: CONSTRAINT; Schema: public; Owner: root
--

ALTER TABLE ONLY public.auth_group_permissions
    ADD CONSTRAINT auth_group_permissions_group_id_permission_id_0cd325b0_uniq UNIQUE (group_id, permission_id);


--
-- Name: auth_group_permissions auth_group_permissions_pkey; Type: CONSTRAINT; Schema: public; Owner: root
--

ALTER TABLE ONLY public.auth_group_permissions
    ADD CONSTRAINT auth_group_permissions_pkey PRIMARY KEY (id);


--
-- Name: auth_group auth_group_pkey; Type: CONSTRAINT; Schema: public; Owner: root
--

ALTER TABLE ONLY public.auth_group
    ADD CONSTRAINT auth_group_pkey PRIMARY KEY (id);


--
-- Name: auth_permission auth_permission_content_type_id_codename_01ab375a_uniq; Type: CONSTRAINT; Schema: public; Owner: root
--

ALTER TABLE ONLY public.auth_permission
    ADD CONSTRAINT auth_permission_content_type_id_codename_01ab375a_uniq UNIQUE (content_type_id, codename);


--
-- Name: auth_permission auth_permission_pkey; Type: CONSTRAINT; Schema: public; Owner: root
--

ALTER TABLE ONLY public.auth_permission
    ADD CONSTRAINT auth_permission_pkey PRIMARY KEY (id);


--
-- Name: auth_user_groups auth_user_groups_pkey; Type: CONSTRAINT; Schema: public; Owner: root
--

ALTER TABLE ONLY public.auth_user_groups
    ADD CONSTRAINT auth_user_groups_pkey PRIMARY KEY (id);


--
-- Name: auth_user_groups auth_user_groups_user_id_group_id_94350c0c_uniq; Type: CONSTRAINT; Schema: public; Owner: root
--

ALTER TABLE ONLY public.auth_user_groups
    ADD CONSTRAINT auth_user_groups_user_id_group_id_94350c0c_uniq UNIQUE (user_id, group_id);


--
-- Name: auth_user auth_user_pkey; Type: CONSTRAINT; Schema: public; Owner: root
--

ALTER TABLE ONLY public.auth_user
    ADD CONSTRAINT auth_user_pkey PRIMARY KEY (id);


--
-- Name: auth_user_user_permissions auth_user_user_permissions_pkey; Type: CONSTRAINT; Schema: public; Owner: root
--

ALTER TABLE ONLY public.auth_user_user_permissions
    ADD CONSTRAINT auth_user_user_permissions_pkey PRIMARY KEY (id);


--
-- Name: auth_user_user_permissions auth_user_user_permissions_user_id_permission_id_14a6b632_uniq; Type: CONSTRAINT; Schema: public; Owner: root
--

ALTER TABLE ONLY public.auth_user_user_permissions
    ADD CONSTRAINT auth_user_user_permissions_user_id_permission_id_14a6b632_uniq UNIQUE (user_id, permission_id);


--
-- Name: auth_user auth_user_username_key; Type: CONSTRAINT; Schema: public; Owner: root
--

ALTER TABLE ONLY public.auth_user
    ADD CONSTRAINT auth_user_username_key UNIQUE (username);


--
-- Name: django_admin_log django_admin_log_pkey; Type: CONSTRAINT; Schema: public; Owner: root
--

ALTER TABLE ONLY public.django_admin_log
    ADD CONSTRAINT django_admin_log_pkey PRIMARY KEY (id);


--
-- Name: django_content_type django_content_type_app_label_model_76bd3d3b_uniq; Type: CONSTRAINT; Schema: public; Owner: root
--

ALTER TABLE ONLY public.django_content_type
    ADD CONSTRAINT django_content_type_app_label_model_76bd3d3b_uniq UNIQUE (app_label, model);


--
-- Name: django_content_type django_content_type_pkey; Type: CONSTRAINT; Schema: public; Owner: root
--

ALTER TABLE ONLY public.django_content_type
    ADD CONSTRAINT django_content_type_pkey PRIMARY KEY (id);


--
-- Name: django_migrations django_migrations_pkey; Type: CONSTRAINT; Schema: public; Owner: root
--

ALTER TABLE ONLY public.django_migrations
    ADD CONSTRAINT django_migrations_pkey PRIMARY KEY (id);


--
-- Name: django_session django_session_pkey; Type: CONSTRAINT; Schema: public; Owner: root
--

ALTER TABLE ONLY public.django_session
    ADD CONSTRAINT django_session_pkey PRIMARY KEY (session_key);


--
-- Name: silant_complaint silant_complaint_pkey; Type: CONSTRAINT; Schema: public; Owner: root
--

ALTER TABLE ONLY public.silant_complaint
    ADD CONSTRAINT silant_complaint_pkey PRIMARY KEY (id);


--
-- Name: silant_directory silant_directory_pkey; Type: CONSTRAINT; Schema: public; Owner: root
--

ALTER TABLE ONLY public.silant_directory
    ADD CONSTRAINT silant_directory_pkey PRIMARY KEY (id);


--
-- Name: silant_machine silant_machine_pkey; Type: CONSTRAINT; Schema: public; Owner: root
--

ALTER TABLE ONLY public.silant_machine
    ADD CONSTRAINT silant_machine_pkey PRIMARY KEY (id);


--
-- Name: silant_machine silant_machine_serial_number_c6e901d6_uniq; Type: CONSTRAINT; Schema: public; Owner: root
--

ALTER TABLE ONLY public.silant_machine
    ADD CONSTRAINT silant_machine_serial_number_c6e901d6_uniq UNIQUE (serial_number);


--
-- Name: silant_maintenance silant_maintenance_pkey; Type: CONSTRAINT; Schema: public; Owner: root
--

ALTER TABLE ONLY public.silant_maintenance
    ADD CONSTRAINT silant_maintenance_pkey PRIMARY KEY (id);


--
-- Name: silant_service silant_service_pkey; Type: CONSTRAINT; Schema: public; Owner: root
--

ALTER TABLE ONLY public.silant_service
    ADD CONSTRAINT silant_service_pkey PRIMARY KEY (id);


--
-- Name: silant_service silant_service_user_id_key; Type: CONSTRAINT; Schema: public; Owner: root
--

ALTER TABLE ONLY public.silant_service
    ADD CONSTRAINT silant_service_user_id_key UNIQUE (user_id);


--
-- Name: auth_group_name_a6ea08ec_like; Type: INDEX; Schema: public; Owner: root
--

CREATE INDEX auth_group_name_a6ea08ec_like ON public.auth_group USING btree (name varchar_pattern_ops);


--
-- Name: auth_group_permissions_group_id_b120cbf9; Type: INDEX; Schema: public; Owner: root
--

CREATE INDEX auth_group_permissions_group_id_b120cbf9 ON public.auth_group_permissions USING btree (group_id);


--
-- Name: auth_group_permissions_permission_id_84c5c92e; Type: INDEX; Schema: public; Owner: root
--

CREATE INDEX auth_group_permissions_permission_id_84c5c92e ON public.auth_group_permissions USING btree (permission_id);


--
-- Name: auth_permission_content_type_id_2f476e4b; Type: INDEX; Schema: public; Owner: root
--

CREATE INDEX auth_permission_content_type_id_2f476e4b ON public.auth_permission USING btree (content_type_id);


--
-- Name: auth_user_groups_group_id_97559544; Type: INDEX; Schema: public; Owner: root
--

CREATE INDEX auth_user_groups_group_id_97559544 ON public.auth_user_groups USING btree (group_id);


--
-- Name: auth_user_groups_user_id_6a12ed8b; Type: INDEX; Schema: public; Owner: root
--

CREATE INDEX auth_user_groups_user_id_6a12ed8b ON public.auth_user_groups USING btree (user_id);


--
-- Name: auth_user_user_permissions_permission_id_1fbb5f2c; Type: INDEX; Schema: public; Owner: root
--

CREATE INDEX auth_user_user_permissions_permission_id_1fbb5f2c ON public.auth_user_user_permissions USING btree (permission_id);


--
-- Name: auth_user_user_permissions_user_id_a95ead1b; Type: INDEX; Schema: public; Owner: root
--

CREATE INDEX auth_user_user_permissions_user_id_a95ead1b ON public.auth_user_user_permissions USING btree (user_id);


--
-- Name: auth_user_username_6821ab7c_like; Type: INDEX; Schema: public; Owner: root
--

CREATE INDEX auth_user_username_6821ab7c_like ON public.auth_user USING btree (username varchar_pattern_ops);


--
-- Name: django_admin_log_content_type_id_c4bce8eb; Type: INDEX; Schema: public; Owner: root
--

CREATE INDEX django_admin_log_content_type_id_c4bce8eb ON public.django_admin_log USING btree (content_type_id);


--
-- Name: django_admin_log_user_id_c564eba6; Type: INDEX; Schema: public; Owner: root
--

CREATE INDEX django_admin_log_user_id_c564eba6 ON public.django_admin_log USING btree (user_id);


--
-- Name: django_session_expire_date_a5c62663; Type: INDEX; Schema: public; Owner: root
--

CREATE INDEX django_session_expire_date_a5c62663 ON public.django_session USING btree (expire_date);


--
-- Name: django_session_session_key_c0390e0f_like; Type: INDEX; Schema: public; Owner: root
--

CREATE INDEX django_session_session_key_c0390e0f_like ON public.django_session USING btree (session_key varchar_pattern_ops);


--
-- Name: silant_complaint_failure_node_id_9ab95c6e; Type: INDEX; Schema: public; Owner: root
--

CREATE INDEX silant_complaint_failure_node_id_9ab95c6e ON public.silant_complaint USING btree (failure_node_id);


--
-- Name: silant_complaint_machine_id_d036df05; Type: INDEX; Schema: public; Owner: root
--

CREATE INDEX silant_complaint_machine_id_d036df05 ON public.silant_complaint USING btree (machine_id);


--
-- Name: silant_complaint_recovery_method_id_9be6dcb9; Type: INDEX; Schema: public; Owner: root
--

CREATE INDEX silant_complaint_recovery_method_id_9be6dcb9 ON public.silant_complaint USING btree (recovery_method_id);


--
-- Name: silant_complaint_service_company_id_cf3dbd7b; Type: INDEX; Schema: public; Owner: root
--

CREATE INDEX silant_complaint_service_company_id_cf3dbd7b ON public.silant_complaint USING btree (service_company_id);


--
-- Name: silant_machine_client_id_7d93b396; Type: INDEX; Schema: public; Owner: root
--

CREATE INDEX silant_machine_client_id_7d93b396 ON public.silant_machine USING btree (client_id);


--
-- Name: silant_machine_driven_axle_model_id_28b8c1a5; Type: INDEX; Schema: public; Owner: root
--

CREATE INDEX silant_machine_driven_axle_model_id_28b8c1a5 ON public.silant_machine USING btree (driven_axle_model_id);


--
-- Name: silant_machine_engine_model_id_7b7aa608; Type: INDEX; Schema: public; Owner: root
--

CREATE INDEX silant_machine_engine_model_id_7b7aa608 ON public.silant_machine USING btree (engine_model_id);


--
-- Name: silant_machine_serial_number_c6e901d6_like; Type: INDEX; Schema: public; Owner: root
--

CREATE INDEX silant_machine_serial_number_c6e901d6_like ON public.silant_machine USING btree (serial_number varchar_pattern_ops);


--
-- Name: silant_machine_steered_axle_model_id_a5d4775e; Type: INDEX; Schema: public; Owner: root
--

CREATE INDEX silant_machine_steered_axle_model_id_a5d4775e ON public.silant_machine USING btree (steered_axle_model_id);


--
-- Name: silant_machine_technique_model_id_658a68d6; Type: INDEX; Schema: public; Owner: root
--

CREATE INDEX silant_machine_technique_model_id_658a68d6 ON public.silant_machine USING btree (technique_model_id);


--
-- Name: silant_machine_transmission_model_id_310581b2; Type: INDEX; Schema: public; Owner: root
--

CREATE INDEX silant_machine_transmission_model_id_310581b2 ON public.silant_machine USING btree (transmission_model_id);


--
-- Name: silant_maintenance_machine_id_1eb1e189; Type: INDEX; Schema: public; Owner: root
--

CREATE INDEX silant_maintenance_machine_id_1eb1e189 ON public.silant_maintenance USING btree (machine_id);


--
-- Name: silant_maintenance_maintenance_type_id_84446f21; Type: INDEX; Schema: public; Owner: root
--

CREATE INDEX silant_maintenance_maintenance_type_id_84446f21 ON public.silant_maintenance USING btree (maintenance_type_id);


--
-- Name: silant_maintenance_service_company_id_964bda56; Type: INDEX; Schema: public; Owner: root
--

CREATE INDEX silant_maintenance_service_company_id_964bda56 ON public.silant_maintenance USING btree (service_company_id);


--
-- Name: auth_group_permissions auth_group_permissio_permission_id_84c5c92e_fk_auth_perm; Type: FK CONSTRAINT; Schema: public; Owner: root
--

ALTER TABLE ONLY public.auth_group_permissions
    ADD CONSTRAINT auth_group_permissio_permission_id_84c5c92e_fk_auth_perm FOREIGN KEY (permission_id) REFERENCES public.auth_permission(id) DEFERRABLE INITIALLY DEFERRED;


--
-- Name: auth_group_permissions auth_group_permissions_group_id_b120cbf9_fk_auth_group_id; Type: FK CONSTRAINT; Schema: public; Owner: root
--

ALTER TABLE ONLY public.auth_group_permissions
    ADD CONSTRAINT auth_group_permissions_group_id_b120cbf9_fk_auth_group_id FOREIGN KEY (group_id) REFERENCES public.auth_group(id) DEFERRABLE INITIALLY DEFERRED;


--
-- Name: auth_permission auth_permission_content_type_id_2f476e4b_fk_django_co; Type: FK CONSTRAINT; Schema: public; Owner: root
--

ALTER TABLE ONLY public.auth_permission
    ADD CONSTRAINT auth_permission_content_type_id_2f476e4b_fk_django_co FOREIGN KEY (content_type_id) REFERENCES public.django_content_type(id) DEFERRABLE INITIALLY DEFERRED;


--
-- Name: auth_user_groups auth_user_groups_group_id_97559544_fk_auth_group_id; Type: FK CONSTRAINT; Schema: public; Owner: root
--

ALTER TABLE ONLY public.auth_user_groups
    ADD CONSTRAINT auth_user_groups_group_id_97559544_fk_auth_group_id FOREIGN KEY (group_id) REFERENCES public.auth_group(id) DEFERRABLE INITIALLY DEFERRED;


--
-- Name: auth_user_groups auth_user_groups_user_id_6a12ed8b_fk_auth_user_id; Type: FK CONSTRAINT; Schema: public; Owner: root
--

ALTER TABLE ONLY public.auth_user_groups
    ADD CONSTRAINT auth_user_groups_user_id_6a12ed8b_fk_auth_user_id FOREIGN KEY (user_id) REFERENCES public.auth_user(id) DEFERRABLE INITIALLY DEFERRED;


--
-- Name: auth_user_user_permissions auth_user_user_permi_permission_id_1fbb5f2c_fk_auth_perm; Type: FK CONSTRAINT; Schema: public; Owner: root
--

ALTER TABLE ONLY public.auth_user_user_permissions
    ADD CONSTRAINT auth_user_user_permi_permission_id_1fbb5f2c_fk_auth_perm FOREIGN KEY (permission_id) REFERENCES public.auth_permission(id) DEFERRABLE INITIALLY DEFERRED;


--
-- Name: auth_user_user_permissions auth_user_user_permissions_user_id_a95ead1b_fk_auth_user_id; Type: FK CONSTRAINT; Schema: public; Owner: root
--

ALTER TABLE ONLY public.auth_user_user_permissions
    ADD CONSTRAINT auth_user_user_permissions_user_id_a95ead1b_fk_auth_user_id FOREIGN KEY (user_id) REFERENCES public.auth_user(id) DEFERRABLE INITIALLY DEFERRED;


--
-- Name: django_admin_log django_admin_log_content_type_id_c4bce8eb_fk_django_co; Type: FK CONSTRAINT; Schema: public; Owner: root
--

ALTER TABLE ONLY public.django_admin_log
    ADD CONSTRAINT django_admin_log_content_type_id_c4bce8eb_fk_django_co FOREIGN KEY (content_type_id) REFERENCES public.django_content_type(id) DEFERRABLE INITIALLY DEFERRED;


--
-- Name: django_admin_log django_admin_log_user_id_c564eba6_fk_auth_user_id; Type: FK CONSTRAINT; Schema: public; Owner: root
--

ALTER TABLE ONLY public.django_admin_log
    ADD CONSTRAINT django_admin_log_user_id_c564eba6_fk_auth_user_id FOREIGN KEY (user_id) REFERENCES public.auth_user(id) DEFERRABLE INITIALLY DEFERRED;


--
-- Name: silant_complaint silant_complaint_failure_node_id_9ab95c6e_fk_silant_di; Type: FK CONSTRAINT; Schema: public; Owner: root
--

ALTER TABLE ONLY public.silant_complaint
    ADD CONSTRAINT silant_complaint_failure_node_id_9ab95c6e_fk_silant_di FOREIGN KEY (failure_node_id) REFERENCES public.silant_directory(id) DEFERRABLE INITIALLY DEFERRED;


--
-- Name: silant_complaint silant_complaint_machine_id_d036df05_fk_silant_machine_id; Type: FK CONSTRAINT; Schema: public; Owner: root
--

ALTER TABLE ONLY public.silant_complaint
    ADD CONSTRAINT silant_complaint_machine_id_d036df05_fk_silant_machine_id FOREIGN KEY (machine_id) REFERENCES public.silant_machine(id) DEFERRABLE INITIALLY DEFERRED;


--
-- Name: silant_complaint silant_complaint_recovery_method_id_9be6dcb9_fk_silant_di; Type: FK CONSTRAINT; Schema: public; Owner: root
--

ALTER TABLE ONLY public.silant_complaint
    ADD CONSTRAINT silant_complaint_recovery_method_id_9be6dcb9_fk_silant_di FOREIGN KEY (recovery_method_id) REFERENCES public.silant_directory(id) DEFERRABLE INITIALLY DEFERRED;


--
-- Name: silant_complaint silant_complaint_service_company_id_cf3dbd7b_fk_silant_se; Type: FK CONSTRAINT; Schema: public; Owner: root
--

ALTER TABLE ONLY public.silant_complaint
    ADD CONSTRAINT silant_complaint_service_company_id_cf3dbd7b_fk_silant_se FOREIGN KEY (service_company_id) REFERENCES public.silant_service(id) DEFERRABLE INITIALLY DEFERRED;


--
-- Name: silant_machine silant_machine_client_id_7d93b396_fk_auth_user_id; Type: FK CONSTRAINT; Schema: public; Owner: root
--

ALTER TABLE ONLY public.silant_machine
    ADD CONSTRAINT silant_machine_client_id_7d93b396_fk_auth_user_id FOREIGN KEY (client_id) REFERENCES public.auth_user(id) DEFERRABLE INITIALLY DEFERRED;


--
-- Name: silant_machine silant_machine_driven_axle_model_id_28b8c1a5_fk_silant_di; Type: FK CONSTRAINT; Schema: public; Owner: root
--

ALTER TABLE ONLY public.silant_machine
    ADD CONSTRAINT silant_machine_driven_axle_model_id_28b8c1a5_fk_silant_di FOREIGN KEY (driven_axle_model_id) REFERENCES public.silant_directory(id) DEFERRABLE INITIALLY DEFERRED;


--
-- Name: silant_machine silant_machine_engine_model_id_7b7aa608_fk_silant_directory_id; Type: FK CONSTRAINT; Schema: public; Owner: root
--

ALTER TABLE ONLY public.silant_machine
    ADD CONSTRAINT silant_machine_engine_model_id_7b7aa608_fk_silant_directory_id FOREIGN KEY (engine_model_id) REFERENCES public.silant_directory(id) DEFERRABLE INITIALLY DEFERRED;


--
-- Name: silant_machine silant_machine_steered_axle_model_i_a5d4775e_fk_silant_di; Type: FK CONSTRAINT; Schema: public; Owner: root
--

ALTER TABLE ONLY public.silant_machine
    ADD CONSTRAINT silant_machine_steered_axle_model_i_a5d4775e_fk_silant_di FOREIGN KEY (steered_axle_model_id) REFERENCES public.silant_directory(id) DEFERRABLE INITIALLY DEFERRED;


--
-- Name: silant_machine silant_machine_technique_model_id_658a68d6_fk_silant_di; Type: FK CONSTRAINT; Schema: public; Owner: root
--

ALTER TABLE ONLY public.silant_machine
    ADD CONSTRAINT silant_machine_technique_model_id_658a68d6_fk_silant_di FOREIGN KEY (technique_model_id) REFERENCES public.silant_directory(id) DEFERRABLE INITIALLY DEFERRED;


--
-- Name: silant_machine silant_machine_transmission_model_i_310581b2_fk_silant_di; Type: FK CONSTRAINT; Schema: public; Owner: root
--

ALTER TABLE ONLY public.silant_machine
    ADD CONSTRAINT silant_machine_transmission_model_i_310581b2_fk_silant_di FOREIGN KEY (transmission_model_id) REFERENCES public.silant_directory(id) DEFERRABLE INITIALLY DEFERRED;


--
-- Name: silant_maintenance silant_maintenance_machine_id_1eb1e189_fk_silant_machine_id; Type: FK CONSTRAINT; Schema: public; Owner: root
--

ALTER TABLE ONLY public.silant_maintenance
    ADD CONSTRAINT silant_maintenance_machine_id_1eb1e189_fk_silant_machine_id FOREIGN KEY (machine_id) REFERENCES public.silant_machine(id) DEFERRABLE INITIALLY DEFERRED;


--
-- Name: silant_maintenance silant_maintenance_maintenance_type_id_84446f21_fk_silant_di; Type: FK CONSTRAINT; Schema: public; Owner: root
--

ALTER TABLE ONLY public.silant_maintenance
    ADD CONSTRAINT silant_maintenance_maintenance_type_id_84446f21_fk_silant_di FOREIGN KEY (maintenance_type_id) REFERENCES public.silant_directory(id) DEFERRABLE INITIALLY DEFERRED;


--
-- Name: silant_maintenance silant_maintenance_service_company_id_964bda56_fk_silant_se; Type: FK CONSTRAINT; Schema: public; Owner: root
--

ALTER TABLE ONLY public.silant_maintenance
    ADD CONSTRAINT silant_maintenance_service_company_id_964bda56_fk_silant_se FOREIGN KEY (service_company_id) REFERENCES public.silant_service(id) DEFERRABLE INITIALLY DEFERRED;


--
-- Name: silant_service silant_service_user_id_0f38aa7e_fk_auth_user_id; Type: FK CONSTRAINT; Schema: public; Owner: root
--

ALTER TABLE ONLY public.silant_service
    ADD CONSTRAINT silant_service_user_id_0f38aa7e_fk_auth_user_id FOREIGN KEY (user_id) REFERENCES public.auth_user(id) DEFERRABLE INITIALLY DEFERRED;


--
-- PostgreSQL database dump complete
--

